network,park,transect_id,lat,long
gryn,GYE,1830_1,45.14575858,-111.4470378
gryn,GYE,2673_4,45.05359197,-110.5896075
gryn,GYE,5896_3,44.42658015,-110.6768108
gryn,GYE,5642_1,44.55090476,-111.4759241
gryn,GYE,5653_1,44.51098539,-112.0244087
gryn,GYE,531_1,45.24255064,-111.1394327
gryn,GYE,4095_1,44.86267134,-111.1610687
gryn,GYE,3567_1,45.30787204,-111.3032573
gryn,GYE,11390_1,42.4003073,-110.6110649
gryn,GYE,20400_4,42.39353768,-110.6145937
gryn,GYE,11441_1,42.32822176,-110.6270571
gryn,GYE,3641_1,45.30367946,-111.0961119
gryn,GYE,760_1,45.23826329,-111.1261972
gryn,GYE,1095_1,45.2091797,-110.2362589
gryn,GYE,13331_1,45.12741283,-109.4187255
gryn,GYE,3152_2,44.99599741,-110.9219237
gryn,GYE,7019_1,43.70795639,-109.9343958
gryn,GYE,7019_2,43.70824019,-109.9339316
gryn,GYE,8617_1,43.71110502,-110.0960527
gryn,GYE,5446_2,44.79951046,-111.9021019
gryn,GYE,5446_5,44.80147475,-111.899591
gryn,GYE,13342_5,45.12918684,-111.9545385
gryn,GYE,1789_1,45.41668715,-110.88023
gryn,GYE,251_2,45.30366037,-110.4042434
gryn,GYE,214_1,45.30595857,-110.3996272
gryn,GYE,2953_1,45.3431626,-111.2944595
gryn,GYE,6949_1,44.17259602,-110.0500166
gryn,GYE,1424_1,45.43391328,-111.0677076
gryn,GYE,4897_1,44.91596121,-109.3577059
gryn,GYE,3683_1,44.89887478,-109.456389
gryn,GYE,8392_3,42.99702503,-109.7084474
gryn,GYE,1834_1,45.41076535,-111.3202036
gryn,GYE,5743_3,43.9293852,-109.2890404
gryn,GYE,1172_1,45.44493056,-111.0818123
gryn,GYE,1172_5,45.44425579,-111.081351
gryn,GYE,1261_1,45.44309329,-110.9167828
gryn,GYE,4299_1,44.81827008,-110.4466886
gryn,GYE,4119_1,44.85520037,-110.2909314
gryn,GYE,4255_1,44.82656903,-111.3901191
gryn,GYE,1400_1,45.18652265,-111.1257392
gryn,GYE,3299_4,45.32225831,-111.2739741
gryn,GYE,9045_3,45.5892654,-112.1126597
gryn,GYE,9045_1,45.59017296,-112.1137417
gryn,GYE,3273_2,45.32097069,-111.266542
gryn,GYE,13975_1,44.90200301,-111.4997365
gryn,GYE,3796_3,44.9085382,-111.2544694
gryn,GYE,1707_1,45.15485975,-111.4514981
gryn,GYE,8386_2,43.81239148,-110.17491
gryn,GYE,5981_1,44.38661117,-109.6005216
gryn,GYE,5907_1,44.41761556,-109.987447
gryn,GYE,4280_1,44.82402063,-110.8237831
gryn,GYE,5656_1,44.53427301,-111.4637309
gryn,GYE,7154_1,43.6991215,-109.9236065
gryn,GYE,7154_2,43.69850898,-109.9245358
gryn,GYE,8122_1,43.88125361,-110.188985
gryn,GYE,8820_1,43.69393811,-110.2359884
gryn,GYE,8026_1,43.89919198,-110.0120888
gryn,GYE,8603_1,43.73910499,-110.3858647
gryn,GYE,7336_1,43.68060905,-109.7305471
gryn,GYE,7336_5,43.68160554,-109.7294715
gryn,GYE,6124_1,43.76635364,-109.5741176
gryn,GYE,5674_2,44.52418863,-109.8116646
gryn,GYE,6504_1,43.73483532,-109.4673055
gryn,GYE,38_1,45.35869112,-110.0127283
gryn,GYE,389_1,45.50343631,-110.0164223
gryn,GYE,14032_1,44.88103565,-109.4068018
gryn,GYE,4433_1,45.06382133,-109.3616951
gryn,GYE,8351_1,43.82554846,-110.7619904
gryn,GYE,11378_5,42.41396322,-110.4900382
gryn,GYE,11378_1,42.41736759,-110.4880416
gryn,GYE,11418_1,42.35077973,-110.6319019
gryn,GYE,4175_1,45.18427099,-109.362138
gryn,GYE,4175_5,45.18305955,-109.3642857
gryn,GYE,11418_5,42.36123014,-110.6329459
gryn,GYE,3878_1,45.26814875,-110.6268931
gryn,GYE,20502_1,42.18520374,-110.6562602
gryn,GYE,1575_1,45.166695,-111.0696299
gryn,GYE,25705_1,42.64168747,-110.7838015
gryn,GYE,3058_3,45.33724529,-111.0563609
gryn,GYE,7676_1,43.53704886,-109.8433956
gryn,GYE,1256_1,45.18276072,-111.0352573
gryn,GYE,2566_1,45.37279658,-111.00014
gryn,GYE,8124_4,43.26823681,-109.8626325
gryn,GYE,2892_1,45.34455909,-111.0072498
gryn,GYE,2918_1,45.34585322,-111.0228998
gryn,GYE,5661_1,44.52742142,-109.6938679
gryn,GYE,397_1,45.28316766,-110.3779107
gryn,GYE,3659_1,45.2985243,-111.2728139
gryn,GYE,14610_2,44.74029059,-112.1490122
gryn,GYE,8801_3,43.70757368,-110.293953
gryn,GYE,8898_1,43.6863785,-110.224508
gryn,GYE,8836_5,43.70034032,-110.1184665
gryn,GYE,1792_1,45.15252746,-111.4782461
gryn,GYE,6009_2,43.78114586,-109.4502657
gryn,GYE,6507_1,43.73439469,-109.3792527
gryn,GYE,6532_1,43.7312893,-109.3863146
gryn,GYE,15267_1,43.76290966,-110.8337609
gryn,GYE,6707_3,44.2158155,-109.9009305
gryn,GYE,7443_3,44.07628237,-110.2668038
gryn,GYE,4742_1,44.95344895,-109.3467102
gryn,GYE,25099_1,42.70602562,-110.5851559
gryn,GYE,20400_2,42.39144307,-110.6157243
gryn,GYE,11390_4,42.40057365,-110.6125943
gryn,GYE,10596_1,42.60793947,-108.9269297
gryn,GYE,9023_1,42.80875915,-108.9781435
gryn,GYE,5739_3,43.94079304,-109.2510209
gryn,GYE,5739_4,43.94013231,-109.2502055
gryn,GYE,5952_1,44.39809007,-109.839962
gryn,GYE,23462_5,42.98553161,-110.8748516
gryn,GYE,6264_2,44.30451297,-110.7302
gryn,GYE,4565_1,44.781708,-111.3748511
gryn,GYE,20328_1,42.47331861,-110.7263414
gryn,GYE,1945_1,45.40797315,-110.9887796
gryn,GYE,958_1,45.21851256,-110.6490863
gryn,GYE,13807_1,44.95000299,-111.4974274
gryn,GYE,3273_1,45.32034161,-111.2661052
gryn,GYE,3299_1,45.3223197,-111.2746507
gryn,GYE,8386_1,43.8132899,-110.1733932
gryn,GYE,2450_1,45.06959358,-109.9726724
gryn,GYE,8848_1,43.69384461,-110.0570619
gryn,GYE,6061_1,43.77641113,-109.4116684
gryn,GYE,3595_1,45.30609174,-111.0962435
gryn,GYE,18499_5,42.75031174,-109.0755589
gryn,GYE,26018_5,42.60647732,-110.5926197
gryn,GYE,1345_2,45.43634706,-111.0616247
gryn,GYE,3532_4,44.94631332,-111.3014997
gryn,GYE,11603_1,45.36409822,-109.8347741
gryn,GYE,24672_1,42.76507236,-110.774353
gryn,GYE,5940_2,43.79519682,-109.2305637
gryn,GYE,4361_5,44.79762948,-109.5894451
gryn,GYE,5940_3,43.79700327,-109.230933
gryn,GYE,19391_1,42.62139605,-109.0842909
gryn,GYE,9474_1,42.75278953,-108.93556
gryn,GYE,1345_1,45.43621035,-111.0646674
gryn,GYE,5125_1,44.68295903,-110.3069665
gryn,GYE,8016_1,43.90594485,-110.948518
gryn,GYE,17252_1,43.08971023,-109.6720995
gryn,GYE,5031_1,44.8987883,-111.4362666
gryn,GYE,3058_1,45.33756091,-111.0551742
gryn,GYE,3619_1,44.9337773,-111.2635789
gryn,GYE,5861_1,44.44251634,-109.9832847
gryn,GYE,5743_4,43.92852861,-109.2883549
gryn,GYE,3936_1,45.24262095,-109.8460522
gryn,GYE,2450_5,45.06992954,-109.9719931
gryn,GYE,6438_5,44.26536739,-110.5148708
gryn,GYE,20352_1,42.44859114,-110.7313376
gryn,GYE,20438_1,42.33195999,-110.6683164
gryn,GYE,20475_2,42.2432678,-110.611243
gryn,GYE,20499_1,42.18496109,-110.6475303
gryn,GYE,5756_3,43.89378508,-109.2657321
gryn,GYE,8392_2,42.99649662,-109.7055142
gryn,GYE,6122_5,44.35034973,-110.187336
gryn,GYE,25058_3,42.71862419,-110.7664485
gryn,GYE,22491_3,43.58138192,-110.1983477
gryn,GYE,22514_2,43.56784187,-110.8897756
gryn,GYE,7980_1,43.91337572,-110.0134857
gryn,GYE,461_2,45.2751097,-111.0701321
gryn,GYE,10596_2,42.60839669,-108.926817
gryn,GYE,5741_5,43.92830453,-109.3533529
gryn,GYE,7725_1,43.97927399,-109.469309
gryn,GYE,7724_1,43.98057767,-109.4881031
gryn,GYE,5653_4,44.50584963,-112.0198527
gryn,GYE,3941_1,44.88898195,-111.1918763
gryn,GYE,23881_5,42.85454835,-110.7925954
gryn,GYE,2602_1,45.05091052,-110.5205687
gryn,GYE,3807_2,44.892949,-109.4284961
gryn,GYE,4316_1,45.13657188,-109.4281635
gryn,GYE,4316_5,45.13643246,-109.428498
gryn,GYE,951_5,45.21237674,-110.2351336
gryn,GYE,7495_1,44.06102798,-110.613531
gryn,GYE,3849_1,44.89476012,-111.1698842
gryn,GYE,3305_1,44.96961402,-111.2932267
gryn,GYE,8762_1,43.71545834,-110.3591935
gryn,GYE,13342_1,45.13039592,-111.959569
gryn,GYE,2953_5,45.34284855,-111.294075
gryn,GYE,8034_1,43.3426715,-110.1809663
gryn,GYE,BLM-Brent1_41,43.65187,-109.70692
gryn,GYE,BLM-CFC_16,44.86866,-109.30696
gryn,GYE,BLM-CR1_251,42.08608,-110.57627
gryn,GYE,BLM-PGDR1_71,42.35999,-110.45167
gryn,GYE,BLM-Rattle1_171,44.55123,-109.24979
gryn,GYE,BLM-Scab1_183,42.76888,-109.53221
gryn,GYE,BLM-SRHC1_262,42.31245,-110.97923
gryn,GYE,BLM-TVRC1_101,43.60452,-109.86602
glac,GLAC,WB0401,48.68737826,-114.126174
glac,GLAC,WB0404,48.88314852,-114.1809662
glac,GLAC,WB0407,48.88340566,-114.1789736
glac,GLAC,95-GG-15,48.71558868,-113.5207654
glac,GLAC,95-GG-18,48.48394275,-113.3162347
glac,GLAC,95-GG-20,48.48078611,-113.3419393
glac,GLAC,95-GG-50,48.57521868,-113.4836885
glac,GLAC,95-KH-23,48.71518404,-113.599264
glac,GLAC,95-KH-24,48.71884505,-113.5969101
glac,GLAC,95-KH-30,48.78271622,-113.4922423
glac,GLAC,95-KH-31,48.7804981,-113.4812141
glac,GLAC,96-DS-21,48.88077258,-113.6938483
glac,GLAC,96-KH-01,48.29993969,-113.4417089
glac,GLAC,96-KP-27,48.93667613,-113.7605797
glac,GLAC,96-MK-07,48.85890835,-113.6138203
glac,GLAC,96-MK-10,48.86264996,-113.6166471
glac,GLAC,96-MK-11,48.86162988,-113.6408525
glac,GLAC,96-NC-15,48.69786608,-113.6614103
glac,GLAC,96-NC-16,48.71585599,-113.6549904
glac,GLAC,96-NC-17,48.71592442,-113.6609901
glac,GLAC,96-NC-18,48.71359438,-113.6578625
glac,GLAC,96-PP-01,48.70384532,-113.6537872
glac,GLAC,96-SF-06,48.84007822,-113.7103509
glac,GLAC,96-SF-12,48.87542759,-113.6934928
glac,GLAC,96-SF-14,48.85744425,-113.7064622
glac,GLAC,96-SF-15,48.85729491,-113.7097539
glac,GLAC,97-EM-01,48.70014716,-113.6101107
glac,GLAC,97-EM-02,48.70438284,-113.6201036
glac,GLAC,97-EM-21,48.68201625,-113.7193952
glac,GLAC,WB0402,48.59735373,-113.7902791
glac,GLAC,WB0403,48.696589,-113.6734258
glac,GLAC,WB0405,48.62501085,-113.838168
glac,GLAC,WB0406,48.62553015,-113.8324288
glac,GLAC,WB0408,48.70708625,-113.6591644
glac,GLAC,WB0451,48.91646583,-113.6263388
glac,GLAC,WB0452,48.91986868,-113.672825
glac,GLAC,WB0453,48.51977874,-113.464777
glac,GLAC,WB0454,48.51164086,-113.4548759
glac,GLAC,WB0455,48.52313367,-113.4517745
glac,GLAC,WB0456,48.43158637,-113.4151323
glac,GLAC,WB0457,48.43077209,-113.4221917
glac,GLAC,WB0458,48.42696501,-113.4205371
glac,GLAC,WB0459,48.91588616,-113.6422527
glac,GLAC,WB0460,48.48825019,-113.391971
glac,GLAC,WB0461,48.48451735,-113.4018513
glac,GLAC,WB0462,48.49793427,-113.3753285
glac,GLAC,WB0463,48.49648969,-113.3668407
glac,GLAC,WB0464,48.39725629,-113.3174155
glac,GLAC,WB0465,48.3939507,-113.3166979
glac,GLAC,WB0466,48.43905252,-113.4297388
glac,GLAC,WB0467,48.39986267,-113.3362341
glac,GLAC,WB0468,48.40143008,-113.3379139
glac,GLAC,WB0469,48.39114532,-113.3494253
glac,GLAC,WB0471,48.30480114,-113.4445438
fivepks,CRMO_CRMP,CRMO_North_1,43.55202737,-113.4622608
fivepks,SEQU,SEKI_PINBAL_01,36.3986744,-118.6155832
fivepks,SEQU,SEKI_PINBAL_02,36.48887493,-118.3874967
fivepks,CRMO_CRMP,CRMO_North_2,43.55023684,-113.4642923
fivepks,KICA,SEKI_PINALB_02,37.19880166,-118.739191
fivepks,GRBA,GRBA_BRIMON_002,38.89998653,-114.3218602
fivepks,GRBA,GRBA_BRIMON_003,38.89893503,-114.3113965
fivepks,CRMO_CRMP,CRMO_North_3,43.41995492,-113.5498883
fivepks,YOSE,YOSE_PINALB_03,37.76486087,-119.3149992
fivepks,KICA,SEKI_PINALB_03,36.81982034,-118.4068017
fivepks,SEQU,SEKI_PINBAL_03,36.52557146,-118.5270037
fivepks,YOSE,YOSE_PINALB_04,37.79144911,-119.378522
fivepks,CRMO_CRMP,CRMO_North_4,43.45230898,-113.5501908
fivepks,KICA,SEKI_PINALB_04,36.89552262,-118.392714
fivepks,GRBA,GRBA_BRIMON_004,38.91279926,-114.267526
fivepks,CRMO_CRMP,CRMO_North_5,43.5480394,-113.4531834
fivepks,SEQU,SEKI_PINBAL_05,36.37190243,-118.4423102
fivepks,KICA,SEKI_PINALB_05,36.97855349,-118.4279531
fivepks,YOSE,YOSE_PINALB_06,37.87620124,-119.5124125
fivepks,SEQU,SEKI_PINBAL_06,36.52275464,-118.373951
fivepks,CRMO_CRMP,CRMO_North_6,43.43279536,-113.5206273
fivepks,YOSE,YOSE_PINALB_07,37.84163494,-119.4282786
fivepks,CRMO_CRMP,CRMO_North_7,43.4411124,-113.5704616
fivepks,SEQU,SEKI_PINBAL_07,36.64649737,-118.4007451
fivepks,GRBA,GRBA_BRIMON_007,38.89842617,-114.3112082
fivepks,CRMO_CRMP,CRMO_North_8,43.45176034,-113.5440692
fivepks,YOSE,YOSE_PINALB_08,37.72321761,-119.3246837
fivepks,SEQU,SEKI_PINBAL_09,36.4391345,-118.3631259
fivepks,CRMO_CRMP,CRMO_North_9,43.54888101,-113.4304518
fivepks,YOSE,YOSE_PINALB_10,37.90287114,-119.3199322
fivepks,SEQU,SEKI_PINBAL_10,36.4830459,-118.3294125
fivepks,SEQU,SEKI_PINBAL_11,36.58842977,-118.3897911
fivepks,CRMO_CRMP,CRMO_North_11,43.44704458,-113.5793141
fivepks,KICA,SEKI_PINALB_11,36.81539525,-118.4286606
fivepks,KICA,SEKI_PINALB_12,36.88898344,-118.5985341
fivepks,CRMO_CRMP,CRMO_North_12,43.32880159,-113.5049605
fivepks,CRMO_CRMP,CRMO_North_13,43.54383427,-113.4179734
fivepks,KICA,SEKI_PINALB_13,37.08796418,-118.5709321
fivepks,YOSE,YOSE_PINALB_14,37.85088819,-119.2861624
fivepks,CRMO_CRMP,CRMO_North_14,43.42877875,-113.5486776
fivepks,CRMO_CRMP,CRMO_North_15,43.44472391,-113.5692182
fivepks,KICA,SEKI_PINALB_15,36.96105576,-118.479654
fivepks,YOSE,YOSE_PINALB_15,37.79757693,-119.331658
fivepks,KICA,SEKI_PINBAL_16,36.68446746,-118.6034452
fivepks,CRMO_CRMP,CRMO_North_16,43.34336006,-113.5058308
fivepks,YOSE,YOSE_PINALB_16,38.13140181,-119.6386267
fivepks,CRMO_CRMP,CRMO_North_17,43.55385091,-113.4561823
fivepks,SEQU,SEKI_PINBAL_17,36.41828208,-118.6067768
fivepks,KICA,SEKI_PINALB_18,37.14870852,-118.7647053
fivepks,YOSE,YOSE_PINALB_18,38.03427598,-119.3251782
fivepks,SEQU,SEKI_PINBAL_18,36.54735302,-118.385793
fivepks,YOSE,YOSE_PINALB_19,37.83527865,-119.231789
fivepks,SEQU,SEKI_PINBAL_19,36.56527918,-118.3427664
fivepks,CRMO_CRMP,CRMO_North_19,43.42171636,-113.5310007
fivepks,YOSE,YOSE_PINALB_20,37.68118607,-119.4258478
fivepks,CRMO_CRMP,CRMO_North_20,43.45096762,-113.5369827
fivepks,KICA,SEKI_PINALB_20,36.89185363,-118.5582175
fivepks,SEQU,SEKI_PINBAL_21,36.42823491,-118.3882461
fivepks,CRMO_CRMP,CRMO_North_21,43.54263729,-113.4379809
fivepks,YOSE,YOSE_PINALB_21,38.04453294,-119.4552844
fivepks,YOSE,YOSE_PINALB_22,37.84730311,-119.2292423
fivepks,SEQU,SEKI_PINBAL_22,36.52356053,-118.337153
fivepks,CRMO_CRMP,CRMO_North_22,43.42757296,-113.5206328
fivepks,SEQU,SEKI_PINBAL_23,36.64219698,-118.4084414
fivepks,CRMO_CRMP,CRMO_North_23,43.43458684,-113.5879152
fivepks,YOSE,YOSE_PINALB_24,37.70182647,-119.303929
fivepks,CRMO_CRMP,CRMO_North_24,43.44718786,-113.5465024
fivepks,KICA,SEKI_PINALB_24,36.93743453,-118.5942795
fivepks,KICA,SEKI_PINBAL_24,36.66953164,-118.5447931
fivepks,YOSE,YOSE_PINALB_25,38.00327382,-119.3570529
fivepks,SEQU,SEKI_PINBAL_25,36.42617082,-118.4607483
fivepks,KICA,SEKI_PINALB_25,36.98823722,-118.5100012
fivepks,SEQU,SEKI_PINBAL_26,36.55768428,-118.4374878
fivepks,YOSE,YOSE_PINALB_26,37.8915075,-119.2714652
fivepks,CRMO_CRMP,CRMO_North_27,43.45696117,-113.5823562
fivepks,KICA,SEKI_PINALB_27,36.78764079,-118.4831931
fivepks,SEQU,SEKI_PINBAL_27,36.59982743,-118.4291133
fivepks,KICA,SEKI_PINALB_28,36.9602032,-118.5506913
fivepks,CRMO_CRMP,CRMO_North_28,43.33338181,-113.5075541
fivepks,SEQU,SEKI_PINBAL_29,36.44300449,-118.5125534
fivepks,CRMO_CRMP,CRMO_North_30,43.41365394,-113.549809
fivepks,SEQU,SEKI_PINBAL_30,36.52067762,-118.4407228
fivepks,CRMO_CRMP,CRMO_North_31,43.44750175,-113.5758115
fivepks,YOSE,YOSE_PINALB_31,37.80358575,-119.3611374
fivepks,KICA,SEKI_PINALB_31,36.88582753,-118.4723882
fivepks,SEQU,SEKI_PINBAL_31,36.48258131,-118.2694373
fivepks,YOSE,YOSE_PINALB_32,38.10262428,-119.4767963
fivepks,SEQU,SEKI_PINBAL_33,36.46512441,-118.286708
fivepks,KICA,SEKI_PINALB_33,37.22928482,-118.804747
fivepks,SEQU,SEKI_PINBAL_35,36.57366462,-118.3648053
fivepks,CRMO_CRMP,CRMO_North_35,43.42587676,-113.5301612
fivepks,YOSE,YOSE_PINALB_35,37.82548612,-119.2646675
fivepks,YOSE,YOSE_PINALB_36,37.69054176,-119.4204941
fivepks,SEQU,SEKI_PINBAL_36,36.6579156,-118.4177341
fivepks,CRMO_CRMP,CRMO_North_36,43.44680821,-113.5363726
fivepks,CRMO_CRMP,CRMO_North_37,43.54273475,-113.4400482
fivepks,SEQU,SEKI_PINBAL_37,36.40482826,-118.3746482
fivepks,SEQU,SEKI_PINBAL_38,36.46959286,-118.3758357
fivepks,KICA,SEKI_PINALB_38,36.98667068,-118.7223375
fivepks,YOSE,YOSE_PINALB_38,37.86588466,-119.2448863
fivepks,SEQU,SEKI_PINBAL_39,36.61574602,-118.3910752
fivepks,KICA,SEKI_PINBAL_40,36.78042375,-118.437424
fivepks,CRMO_CRMP,CRMO_North_40,43.44562446,-113.5414269
fivepks,YOSE,YOSE_PINALB_40,37.73212988,-119.3104845
fivepks,YOSE,YOSE_PINALB_41,37.93305519,-119.3617592
fivepks,SEQU,SEKI_PINBAL_41,36.44766468,-118.4809449
fivepks,CRMO_CRMP,CRMO_North_42,43.43362606,-113.5307066
fivepks,YOSE,YOSE_PINALB_42,37.89127364,-119.254106
fivepks,CRMO_CRMP,CRMO_North_43,43.44735674,-113.5562055
fivepks,YOSE,YOSE_PINALB_43,37.77504061,-119.3338787
fivepks,KICA,SEKI_PINALB_43,36.79164089,-118.4296314
fivepks,SEQU,SEKI_PINBAL_43,36.50330894,-118.3099953
fivepks,CRMO_CRMP,CRMO_North_44,43.33785125,-113.6099646
fivepks,YOSE,YOSE_PINALB_44,38.15347433,-119.5527908
fivepks,KICA,SEKI_PINBAL_44,36.83444793,-118.4168368
fivepks,KICA,SEKI_PINALB_44,36.93445756,-118.5707956
fivepks,KICA,SEKI_PINALB_45,37.17282839,-118.719279
fivepks,SEQU,SEKI_PINBAL_45,36.39860493,-118.5192413
fivepks,YOSE,YOSE_PINALB_46,37.81539873,-119.2853737
fivepks,CRMO_CRMP,CRMO_North_47,43.45358787,-113.5590018
fivepks,KICA,SEKI_PINALB_48,36.8698764,-118.7066306
fivepks,CRMO_CRMP,CRMO_North_48,43.35255987,-113.5563542
fivepks,KICA,SEKI_PINALB_49,36.98901472,-118.4934319
fivepks,CRMO_CRMP,CRMO_North_51,43.41955925,-113.5320472
fivepks,YOSE,YOSE_PINALB_51,37.79183575,-119.2445166
fivepks,KICA,SEKI_PINALB_51,36.77036311,-118.3881833
fivepks,KICA,SEKI_PINALB_52,36.89255191,-118.5167999
fivepks,CRMO_CRMP,CRMO_North_52,43.4482465,-113.5328242
fivepks,YOSE,YOSE_PINALB_52,37.69474742,-119.3312222
fivepks,YOSE,YOSE_PINALB_53,38.07898924,-119.5018753
fivepks,CRMO_CRMP,CRMO_North_53,43.54310337,-113.441338
fivepks,YOSE,YOSE_PINALB_54,37.9222341,-119.3067535
fivepks,CRMO_CRMP,CRMO_North_55,43.41599638,-113.5541811
fivepks,YOSE,YOSE_PINALB_55,37.9125539,-119.3406187
fivepks,CRMO_CRMP,CRMO_North_56,43.46295932,-113.5522278
fivepks,YOSE,YOSE_PINALB_56,37.61969507,-119.4085758
fivepks,CRMO_CRMP,CRMO_North_58,43.44119976,-113.5496812
fivepks,KICA,SEKI_PINALB_58,36.70824282,-118.4251627
fivepks,CRMO_CRMP,CRMO_North_59,43.44746791,-113.557273
fivepks,KICA,SEKI_PINALB_59,36.95933923,-118.4321993
fivepks,CRMO_CRMP,CRMO_North_60,43.34792264,-113.5462769
fivepks,YOSE,YOSE_PINALB_60,38.10129683,-119.6530733
fivepks,CRMO_CRMP,CRMO_North_61,43.54862364,-113.4685343
fivepks,CRMO_CRMP,CRMO_North_62,43.418301,-113.5449151
fivepks,CRMO_CRMP,CRMO_North_63,43.45265171,-113.5347508
fivepks,CRMO_CRMP,CRMO_North_64,43.35564782,-113.564813
fivepks,KICA,SEKI_PINALB_66,36.95530234,-118.5866554
fivepks,CRMO_CRMP,CRMO_North_66,43.4282617,-113.533868
fivepks,CRMO_CRMP,CRMO_North_67,43.44560307,-113.5821445
fivepks,KICA,SEKI_PINALB_68,36.87682335,-118.5925473
fivepks,CRMO_CRMP,CRMO_North_69,43.53637428,-113.4164994
fivepks,CRMO_CRMP,CRMO_North_71,43.44648073,-113.573173
fivepks,KICA,SEKI_PINALB_73,36.97287556,-118.5699448
fivepks,KICA,SEKI_PINALB_74,36.79933867,-118.4666507
fivepks,CRMO_CRMP,CRMO_North_75,43.42529689,-113.5311376
fivepks,CRMO_CRMP,CRMO_North_76,43.44954565,-113.5359557
fivepks,KICA,SEKI_PINALB_78,36.87851136,-118.6210248
fivepks,CRMO_CRMP,CRMO_North_78,43.42745261,-113.5305604
fivepks,CRMO_CRMP,CRMO_North_79,43.46298363,-113.5559742
fivepks,CRMO_CRMP,CRMO_North_82,43.41653846,-113.5488556
fivepks,CRMO_CRMP,CRMO_North_83,43.45881687,-113.5735357
fivepks,CRMO_CRMP,CRMO_North_87,43.42117307,-113.5347951
fivepks,CRMO_CRMP,CRMO_North_88,43.44434609,-113.5389883
fivepks,CRMO_CRMP,CRMO_North_90,43.43183393,-113.5262459
fivepks,CRMO_CRMP,CRMO_North_91,43.41465593,-113.5513086
fivepks,CRMO_CRMP,CRMO_North_92,43.44749133,-113.5437172
fivepks,CRMO_CRMP,CRMO_North_93,43.5364687,-113.4196963
fivepks,CRMO_CRMP,CRMO_North_94,43.42313923,-113.5492191
fivepks,CRMO_CRMP,CRMO_North_95,43.45256298,-113.5331497
fivepks,CRMO_CRMP,CRMO_North_96,43.35203238,-113.5541728
fivepks,CRMO_CRMP,CRMO_North_99,43.42058842,-113.5298914
fivepks,CRMO_CRMP,CRMO_North_100,43.45139077,-113.5339565
fivepks,CRMO_CRMP,CRMO_North_101,43.54688307,-113.4452166
fivepks,CRMO_CRMP,CRMO_North_103,43.41813781,-113.552233
fivepks,CRMO_CRMP,CRMO_North_104,43.45297971,-113.5239996
fivepks,CRMO_CRMP,CRMO_North_106,43.44309032,-113.5403939
fivepks,CRMO_CRMP,CRMO_North_107,43.44314764,-113.5668407
fivepks,CRMO_CRMP,CRMO_North_109,43.55259187,-113.4573691
fivepks,CRMO_CRMP,CRMO_North_110,43.53834297,-113.4085456
fivepks,CRMO_CRMP,CRMO_North_111,43.4175812,-113.5485288
fivepks,CRMO_CRMP,CRMO_North_112,43.45106537,-113.5380708
fivepks,CRMO_CRMP,CRMO_North_114,43.42914397,-113.5159416
fivepks,CRMO_CRMP,CRMO_North_115,43.42590825,-113.5526338
fivepks,CRMO_CRMP,CRMO_North_116,43.44757264,-113.5416815
fivepks,CRMO_CRMP,CRMO_North_117,43.53669043,-113.4143214
fivepks,CRMO_CRMP,CRMO_North_118,43.41422262,-113.546918
fivepks,CRMO_CRMP,CRMO_North_119,43.44344292,-113.5769243
fivepks,CRMO_CRMP,CRMO_North_122,43.54045575,-113.4061296
fivepks,CRMO_CRMP,CRMO_North_123,43.42233721,-113.5277654
fivepks,CRMO_CRMP,CRMO_North_124,43.44936214,-113.5385433
fivepks,CRMO_CRMP,CRMO_North_147,43.44695072,-113.5670881
fivepks,CRMO_CRMP,CRMO_North_149,43.54972916,-113.4623652
fivepks,CRMO_CRMP,CRMO_North_150,43.41787937,-113.5391784
fivepks,CRMO_CRMP,CRMO_North_151,43.45396066,-113.5443222
fivepks,CRMO_CRMP,CRMO_North_152,43.35432482,-113.5739992
fivepks,CRMO_CRMP,CRMO_North_156,43.44543625,-113.5502794
fivepks,CRMO_CRMP,CRMO_North_159,43.44574607,-113.5774052
fivepks,GRBA,GRBA_BRISUB_201,39.00320949,-114.2915636
fivepks,GRBA,GRBA_BRISUB_203,38.89577931,-114.2728595
fivepks,GRBA,GRBA_BRISUB_204,38.90743966,-114.3031885
fivepks,GRBA,GRBA_LIMWOO_401,38.82578203,-114.2079269
fivepks,GRBA,GRBA_LIMWOO_403,38.82224358,-114.2383198
fivepks,GRBA,GRBA_LIMWOO_405,39.01443977,-114.3170952
fivepks,CRLA,CRLA_Alpine_CRWB01,42.96478927,-122.0548774
fivepks,CRLA,CRLA_Alpine_CRWB02,42.98199211,-122.1554355
fivepks,CRLA,CRLA_Alpine_CRWB03,42.9286577,-122.0521197
fivepks,CRLA,CRLA_Alpine_CRWB04,42.91502511,-122.0423923
fivepks,CRLA,CRLA_Alpine_CRWB05,42.97933936,-122.150331
fivepks,CRLA,CRLA_Alpine_CRWB06,42.95523567,-122.1665356
fivepks,CRLA,CRLA_Alpine_CRWB07,42.92037793,-122.0578342
fivepks,CRLA,CRLA_Alpine_CRWB08,42.93593405,-122.0304503
fivepks,CRLA,CRLA_Alpine_CRWB10,42.89544617,-122.1094109
fivepks,CRLA,CRLA_Alpine_CRWB11,42.8978073,-122.0905872
fivepks,CRLA,CRLA_Alpine_CRWB21,42.97486969,-122.1398766
fivepks,CRLA,CRLA_Alpine_CRWB22,42.89855929,-122.1068139
fivepks,CRLA,CRLA_Alpine_CRWB23,42.94016513,-122.0446229
fivepks,CRLA,CRLA_Alpine_CRWB24,42.93728473,-122.0351077
fivepks,CRLA,CRLA_Alpine_CRWB25,42.98418899,-122.1385569
fivepks,CRLA,CRLA_Alpine_CRWB26,42.91565161,-122.0347714
fivepks,CRLA,CRLA_Alpine_CRWB27,42.89178944,-122.0753141
fivepks,CRLA,CRLA_Alpine_CRWB28,42.92577412,-122.0327263
fivepks,CRLA,CRLA_Alpine_CRWB29,42.97490217,-122.1551197
fivepks,CRLA,CRLA_Alpine_CRWB30,42.92465778,-122.0434779
fivepks,CRLA,CRLA_Alpine_CRWB41,42.9841488,-122.1476216
fivepks,CRLA,CRLA_Alpine_CRWB42,42.91514544,-122.0399005
fivepks,CRLA,CRLA_Alpine_CRWB43,42.89056231,-122.0817253
fivepks,CRLA,CRLA_Alpine_CRWB44,42.92763272,-122.0309105
fivepks,CRLA,CRLA_Alpine_CRWB45,42.97675662,-122.1562594
fivepks,CRLA,CRLA_Alpine_CRWB46,42.92025032,-122.0462417
fivepks,CRLA,CRLA_Alpine_CRWB47,42.89787311,-122.0804287
fivepks,CRLA,CRLA_Alpine_CRWB49,42.97706926,-122.1449968
fivepks,CRLA,CRLA_Alpine_CRWB50,42.95490202,-122.1748862
fivepks,CRLA,CRLA_Alpine_CRWB51,42.93432853,-122.044468
fivepks,LAVO,LAVO_Alpine_LVWB03,40.46029013,-121.4955836
fivepks,LAVO,LAVO_Alpine_LVWB05,40.47037358,-121.525347
fivepks,LAVO,LAVO_Alpine_LVWB06,40.46820426,-121.5025544
fivepks,LAVO,LAVO_Alpine_LVWB07,40.47175803,-121.499274
fivepks,LAVO,LAVO_Alpine_LVWB08,40.47554242,-121.4898473
fivepks,LAVO,LAVO_Alpine_LVWB09,40.46719248,-121.5310848
fivepks,LAVO,LAVO_Alpine_LVWB10,40.47045497,-121.5220359
fivepks,LAVO,LAVO_Alpine_LVWB11,40.479975,-121.5066515
fivepks,LAVO,LAVO_Alpine_LVWB12,40.47493759,-121.4944597
fivepks,LAVO,LAVO_Alpine_LVWB14,40.46238034,-121.5033919
fivepks,LAVO,LAVO_Alpine_LVWB22,40.47414572,-121.5169211
fivepks,LAVO,LAVO_Alpine_LVWB23,40.47298692,-121.4998593
fivepks,LAVO,LAVO_Alpine_LVWB24,40.47707171,-121.4910712
fivepks,LAVO,LAVO_Alpine_LVWB28,40.47700668,-121.4973222
fivepks,LAVO,LAVO_Alpine_LVWB30,40.46218943,-121.5064226
fivepks,LAVO,LAVO_Alpine_LVWB31,40.47903346,-121.5153443
fivepks,LAVO,LAVO_Alpine_LVWB32,40.47946225,-121.4980496
fivepks,LAVO,LAVO_Alpine_LVWB34,40.47292919,-121.5093212
fivepks,LAVO,LAVO_Alpine_LVWB35,40.46847879,-121.5016463
fivepks,LAVO,LAVO_Alpine_LVWB39,40.48297493,-121.5178177
fivepks,LAVO,LAVO_Alpine_LVWB42,40.47347946,-121.5121755
fivepks,LAVO,LAVO_Alpine_LVWB44,40.4795764,-121.4932594
fivepks,LAVO,LAVO_Alpine_LVWB47,40.4774249,-121.5135512
fivepks,LAVO,LAVO_Alpine_LVWB48,40.4781829,-121.4997082
fivepks,LAVO,LAVO_Alpine_LVWB49,40.46972326,-121.5241485
fivepks,LAVO,LAVO_Alpine_LVWB51,40.47550525,-121.493315
fivepks,LAVO,LAVO_Alpine_LVWB54,40.47066042,-121.5185367
fivepks,LAVO,LAVO_Alpine_LVWB56,40.47546716,-121.4924665
fivepks,LAVO,LAVO_Alpine_LVWB59,40.47517221,-121.5191218
fivepks,LAVO,LAVO_Alpine_LVWB60,40.47883327,-121.4943023
romn,GRSA,morris_1,37.71793713,-105.48362
romn,GRSA,morris_2,37.72076865,-105.485854
romn,GRSA,morris_3,37.71898433,-105.488681
romn,GRSA,nmay_1,37.76697794,-105.4388519
romn,GRSA,drylake_1,37.82686711,-105.4059077
romn,GRSA,medano_2,37.86432691,-105.4190312
romn,GRSA,medano_3,37.85715739,-105.4337901
romn,GRSA,medano_m1,37.8695222,-105.4436375
romn,ROMO,BB-001,40.30180678,-105.6164764
romn,ROMO,BP-007,40.39770579,-105.6354499
romn,ROMO,CC-006,40.43754168,-105.5165508
romn,ROMO,DM-005,40.38534791,-105.5872416
romn,ROMO,EC-002,40.29499079,-105.5700101
romn,ROMO,HU-008,40.22816857,-105.5663581
romn,ROMO,LL-004,40.30970373,-105.5417131
romn,ROMO,MF-009,40.40666403,-105.5709393
romn,ROMO,ST-010,40.33864332,-105.6185658
romn,ROMO,TS-003,40.29677473,-105.5242665
romn,GLAC,NU-001,48.8852202,-113.6334736
romn,GLAC,OL-001,48.72422846,-113.5784486
romn,GLAC,OM-001,48.5142977,-113.4221647
romn,GLAC,OM-002,48.51485661,-113.4242498
romn,GLAC,PP-001,48.71549004,-113.6569022
romn,GLAC,PP-002,48.71449119,-113.6596368
romn,GLAC,PP-003,48.71539325,-113.6607042
romn,GLAC,PP-004,48.71608064,-113.6582114
romn,GLAC,SP-001,48.48511095,-113.3168568
romn,GLAC,SP-002,48.48490691,-113.3153722
romn,GLAC,WC-001,48.64220289,-113.3946441
romn,GLAC,WC-002,48.64144698,-113.3950835
nccn,MORA,West Fork White River_M-0080,46.90490396,-121.7663684
nccn,MORA,White River_M-0165,46.91008972,-121.6191982
nccn,MORA,Antler Peak_M-AP05,46.92562193,-121.6252561
nccn,MORA,Antler Peak_M-AP60,46.92530294,-121.6295371
nccn,MORA,Antler Peak_M-AP82,46.92657094,-121.6293831
nccn,MORA,Antler Peak_M-AP90,46.92408494,-121.6314821
nccn,MORA,Crystal Ridge_M-CR03,46.91788394,-121.5130431
nccn,MORA,Crystal Ridge_M-CR04,46.91906193,-121.5137071
nccn,MORA,Crystal Ridge_M-CR05,46.91850294,-121.5087581
nccn,MORA,Crystal Ridge_M-CR36,46.92142796,-121.5091222
nccn,MORA,Crystal Ridge_M-CR38,46.91654594,-121.5077871
nccn,MORA,Fryingpan_M-FP02,46.8663992,-121.6490501
nccn,MORA,Fryingpan_M-FP05,46.86495994,-121.6466311
nccn,MORA,Fryingpan_M-FP56,46.86594785,-121.6466471
nccn,MORA,Glacier Basin_M-GL04,46.89258791,-121.7062572
nccn,MORA,Glacier Basin_M-GL25,46.89119595,-121.7028052
nccn,MORA,Glacier Basin_M-GL53,46.89244794,-121.7054871
nccn,MORA,Glacier Basin_M-GL90,46.89310847,-121.7064837
nccn,MORA,Glacier Basin_M-GL94,46.89090893,-121.7036481
nccn,MORA,Mystic Lake_M-ML13,46.91309794,-121.7669861
nccn,MORA,Mystic Lake_M-ML25,46.91507794,-121.7660871
nccn,MORA,Mystic Lake_M-ML82,46.91491594,-121.7669311
nccn,MORA,The Palisades_M-PA23,46.95368694,-121.5967741
nccn,MORA,The Palisades_M-PA74,46.95113694,-121.5973071
nccn,MORA,Sunrise Campground_M-SG02,46.91195083,-121.6636466
nccn,MORA,Sunrise Campground_M-SG04,46.91146562,-121.6598923
nccn,MORA,Sunrise Campground_M-SG05,46.91139085,-121.6617111
nccn,MORA,Sunrise Campground_M-SG06,46.91281454,-121.6612718
nccn,MORA,Sunrise Campground_M-SG08,46.91447381,-121.6636879
nccn,MORA,Skyscraper_M-SS01,46.92226414,-121.6937892
nccn,MORA,Skyscraper_M-SS18,46.91520655,-121.6854922
nccn,NOCA_LACH,Rainbow Creek_N-0003,48.40012355,-120.6742288
nccn,NOCA_LACH,Fourmile Creek_N-0010,48.31858058,-120.587279
nccn,NOCA_LACH,Fourmile Creek_N-0014,48.31879223,-120.6037333
nccn,NOCA_LACH,Boulder Creek_N-0038,48.37155712,-120.5873157
nccn,NOCA_LACH,Upper Bridge Creek_N-0045,48.47781154,-120.7611035
nccn,NOCA_LACH,Fourmile Creek_N-0070,48.29967661,-120.5535827
nccn,NOCA_LACH,Boulder Creek_N-0074,48.35672976,-120.5778387
nccn,NOCA_LACH,Junction Creek_N-0076,48.43904481,-120.8442085
nccn,NOCA_LACH,Rainbow Creek_N-0078N,48.38587518,-120.6657129
nccn,NOCA_LACH,Rainbow Creek_N-0094,48.40130039,-120.7018117
nccn,NOCA_LACH,Rainbow Creek_N-0126,48.41711166,-120.6726694
nccn,NOCA_LACH,Fourmile Creek_N-0134,48.30974639,-120.5596517
nccn,NOCA_LACH,Rainbow Creek_N-0142,48.38755037,-120.6648201
nccn,NOCA_LACH,Upper Bridge Creek_N-0194,48.45060599,-120.742369
nccn,NOCA_LACH,North Fork Bridge Creek_N-0204,48.45144027,-120.8876162
nccn,NOCA_LACH,Boulder Creek_N-0230,48.38179491,-120.595164
nccn,NOCA_LACH,Upper Bridge Creek_N-0274,48.42719453,-120.7357433
nccn,NOCA_LACH,Dee Dee Lake_N-DD01,48.41526528,-120.6520833
nccn,NOCA_LACH,Dee Dee Lake_N-DD03,48.42093769,-120.6537787
nccn,NOCA_LACH,Dee Dee Lake_N-DD04,48.40524749,-120.6452932
nccn,NOCA_LACH,Dee Dee Lake_N-DD05,48.40925175,-120.6488282
nccn,NOCA_LACH,Dee Dee Lake_N-DD06,48.41686069,-120.6516849
nccn,NOCA_LACH,Dee Dee Lake_N-DD07,48.41378951,-120.6500941
nccn,NOCA_LACH,Dee Dee Lake_N-DD34,48.40417227,-120.6456508
nccn,NOCA_LACH,Juanita Lake_N-JL02,48.32175665,-120.5977388
nccn,NOCA_LACH,Juanita Lake_N-JL04,48.30829877,-120.5621803
nccn,NOCA_LACH,Juanita Lake_N-JL07,48.31400738,-120.5650807
nccn,NOCA_LACH,Juanita Lake_N-JL22,48.30465065,-120.5625227
nccn,NOCA_LACH,Juanita Lake_N-JL24,48.29496368,-120.5537669
nccn,NOCA_LACH,Juanita Lake_N-JL61,48.31452023,-120.5634006
nccn,NOCA_LACH,Juanita Lake_N-JL79,48.29268331,-120.5504013
nccn,NOCA_LACH,Rainbow Lakes_N-RL18,48.40498534,-120.7353499
nccn,NOCA_LACH,Rainbow Lakes_N-RL23,48.40604996,-120.737789
nccn,NOCA_LACH,Rainbow Lakes_N-RL43,48.4075267,-120.7428857
nccn,NOCA_LACH,Rainbow Lakes_N-RL48,48.40654048,-120.7384835
nccn,NOCA_LACH,Rainbow Lakes_N-RL76,48.39911199,-120.7344885
nccn,NOCA_LACH,Rainbow Lakes_N-RL85,48.40859277,-120.7467846
nccn,NOCA_LACH,Rainbow Lakes_N-RL90,48.40146384,-120.7333443
nccn,NOCA_LACH,Rainbow Ridge_N-RR02,48.41625255,-120.6840902
nccn,NOCA_LACH,Rainbow Ridge_N-RR03,48.41952742,-120.6752381
nccn,NOCA_LACH,Rainbow Ridge_N-RR06,48.41895276,-120.6808322
nccn,NOCA_LACH,Rainbow Ridge_N-RR07,48.42286886,-120.668557
nccn,NOCA_LACH,Rainbow Ridge_N-RR38,48.42286066,-120.6673033
nccn,NOCA_LACH,Rainbow Ridge_N-RR77,48.42144576,-120.6786923
nccn,NOCA_LACH,Rainbow Ridge_N-RR83,48.41745614,-120.6797368
nccn,NOCA_LACH,Stiletto_N-ST01,48.47503488,-120.6454539
nccn,NOCA_LACH,Stiletto_N-ST02,48.47295528,-120.641822
nccn,NOCA_LACH,Stiletto_N-ST05,48.46926786,-120.6349373
nccn,NOCA_LACH,Stiletto_N-ST07,48.46963226,-120.6382217
nccn,NOCA_LACH,Stiletto_N-ST32,48.47199709,-120.6384196
nccn,NOCA_LACH,Stiletto_N-ST36,48.47125987,-120.6396538
nccn,NOCA_LACH,Stiletto_N-ST37,48.4704597,-120.6360295
blm_mt,BLM_MT,Mulkey_Gulch,46.74545,-113.26405
blm_mt,BLM_MT,Quiggs_West_WSA,46.393749,-113.622265
blm_mt,BLM_MT,Devil_Mountain,46.74864,-112.89506
blm_mt,BLM_MT,Marshall_Grade,46.39285,-113.45061
glac,CAN,JA-03-050,53.33637044,-120.1328804
glac,CAN,JA-03-051,53.33363393,-120.1290231
glac,CAN,BN-03-008,51.26641155,-116.0832262
glac,CAN,BN-03-009,51.19301565,-115.6121111
glac,CAN,BN-03-010,51.1935513,-115.6125387
glac,CAN,BN-03-011,51.14664072,-115.5807191
glac,CAN,BN-03-012,51.14723629,-115.5808867
glac,CAN,BN-03-019,52.17669006,-117.082905
glac,CAN,BN-03-020,52.17657315,-117.0829487
glac,CAN,BN-03-021,52.03432317,-116.5042851
glac,CAN,BN-03-022,51.63086776,-116.1183037
glac,CAN,BN-03-023,51.62681192,-116.1039786
glac,CAN,BN-03-024,51.62675269,-116.1032863
glac,CAN,BN-04-001,50.19133242,-114.5290107
glac,CAN,BN-04-002,50.19231575,-114.5287217
glac,CAN,BN-04-003,50.20586323,-114.5675179
glac,CAN,BN-04-004,50.21435972,-114.5677586
glac,CAN,BN-04-005,50.94532592,-115.3458518
glac,CAN,BN-04-010,51.30010257,-115.9430704
glac,CAN,BN-04-011,51.30081547,-115.9423512
glac,CAN,BN-04-017,51.92528296,-116.753537
glac,CAN,BN-04-018,51.92359632,-116.7553058
glac,CAN,BN-04-019,52.08748688,-116.9216692
glac,CAN,BN-04-020,52.08755822,-116.9207934
glac,CAN,BN-04-021,51.61428353,-116.3098799
glac,CAN,BN-04-022,51.61452848,-116.3087207
glac,CAN,BN-04-023,51.68104517,-116.4787757
glac,CAN,BN-04-024,51.68063839,-116.4782886
glac,CAN,BN-04-025,51.0303194,-115.7544268
glac,CAN,BN-04-032,52.20039985,-117.1309859
glac,CAN,BN-04-033,52.2183265,-117.1316095
glac,CAN,BN-04-034,52.19822314,-117.1146364
glac,CAN,GL-04-028,51.43204759,-117.4421305
glac,CAN,GL-04-029,51.43180664,-117.4392512
glac,CAN,JA-03-027,52.98205513,-118.1138568
glac,CAN,JA-03-028,52.98283087,-118.1164537
glac,CAN,JA-03-029,52.46358092,-117.4218938
glac,CAN,JA-03-030,52.46565188,-117.421001
glac,CAN,JA-03-031,52.67235057,-118.1055197
glac,CAN,JA-03-032,52.67267819,-118.1079831
glac,CAN,JA-03-033,52.93550893,-118.3173596
glac,CAN,JA-03-034,52.60474438,-117.9249003
glac,CAN,JA-03-035,52.93407364,-117.9528257
glac,CAN,JA-03-036,52.75093526,-118.1462087
glac,CAN,JA-03-037,52.75206538,-118.1436899
glac,CAN,JA-03-038,53.03241556,-118.1572679
glac,CAN,JA-03-039,53.0339594,-118.1482419
glac,CAN,JA-03-040,53.15983047,-119.1605702
glac,CAN,JA-03-041,53.16397742,-119.1644139
glac,CAN,JA-03-042,53.18582826,-119.0928295
glac,CAN,JA-03-043,53.18168765,-119.0936156
glac,CAN,JA-03-044,52.69247572,-117.5594808
glac,CAN,JA-03-045,53.14964123,-118.7335716
glac,CAN,JA-03-046,53.14917583,-118.732192
glac,CAN,JA-03-047,53.14881019,-118.7332241
glac,CAN,JA-03-048,52.85380533,-119.2046468
glac,CAN,JA-03-049,52.8546532,-119.2025656
glac,CAN,JA-03-052,52.6381393,-117.9357275
glac,CAN,JA-04-030,52.69903187,-118.0664885
glac,CAN,JA-04-031,52.6986019,-118.0663152
glac,CAN,KO-03-001,50.69558066,-115.9838033
glac,CAN,KO-03-002,50.694025,-115.9838228
glac,CAN,KO-03-003,50.84001248,-116.1118889
glac,CAN,KO-03-004,51.19533593,-116.0561142
glac,CAN,KO-03-005,51.19601647,-116.0557568
glac,CAN,KO-03-006,51.19490042,-116.0545202
glac,CAN,KO-03-007,50.69101578,-115.949725
glac,CAN,KO-03-025,49.86629445,-115.4135894
glac,CAN,KO-03-026,49.86717373,-115.4121133
glac,CAN,KO-04-006,50.70879292,-115.8304415
glac,CAN,KO-04-007,50.70721319,-115.8307499
glac,CAN,KO-04-008,50.62841749,-115.9703494
glac,CAN,KO-04-009,50.62494133,-115.9687995
glac,CAN,WL-03-001,49.14694541,-114.0332044
glac,CAN,WL-03-002,49.14801336,-114.0337989
glac,CAN,WL-03-003,NA,NA
glac,CAN,WL-03-003a,49.37960314,-114.5355354
glac,CAN,WL-03-003b,49.37961366,-114.5347632
glac,CAN,WL-03-004,NA,NA
glac,CAN,WL-03-004a,49.00542419,-114.0372382
glac,CAN,WL-03-004b,49.00501488,-114.0367154
glac,CAN,WL-03-004c,49.00514233,-114.0374737
glac,CAN,WL-03-005,49.02200373,-114.0830131
glac,CAN,WL-03-006,NA,NA
glac,CAN,WL-03-006a,49.10948005,-114.1458307
glac,CAN,WL-03-006b,49.11050563,-114.1451003
glac,CAN,WL-03-007,49.06637877,-114.0923132
glac,CAN,WL-03-008,49.06105838,-114.089338
glac,CAN,WL-03-009,49.0807936,-114.1217816
glac,CAN,WL-03-010,49.09392022,-114.130804
glac,CAN,WL-03-011,49.01367228,-114.0638722
glac,CAN,WL-03-012,49.11302639,-114.2013393
glac,CAN,WL-03-013,49.06568572,-114.1862421
glac,CAN,WL-03-014,49.16639796,-114.3169392
glac,CAN,WL-03-015,49.12478339,-114.1919997
glac,CAN,WL-03-018,NA,NA
glac,CAN,WL-03-018a,49.11713331,-114.1438835
glac,CAN,WL-03-018b,49.1158294,-114.1442737
glac,CAN,WL-03-019,49.10239608,-114.126492
glac,CAN,WL-03-020,49.09252119,-114.1324328
glac,CAN,WL-03-021,50.51135195,-114.9777938
glac,CAN,WL-03-022,50.16058402,-114.8333094
glac,CAN,WL-03-023,50.1626335,-114.8390278
glac,CAN,WL-03-024,50.09015606,-114.9966845
glac,CAN,WL-03-025,49.80601461,-114.7232428
glac,CAN,WL-03-026,49.80256023,-114.7232381
glac,CAN,WL-03-027,49.83557436,-114.7296847
glac,CAN,WL-03-028,49.15920357,-114.1398993
glac,CAN,WL-03-029,49.332801,-114.3061379
glac,CAN,WL-03-030,50.2194593,-114.5570124
glac,CAN,WL-03-031,50.08135413,-114.5909663
glac,CAN,WL-03-032,49.75937028,-114.5085955
glac,CAN,YO-03-013,51.25028513,-116.631287
glac,CAN,YO-03-014,51.25162044,-116.6327092
glac,CAN,YO-03-015,51.64843597,-116.7011725
glac,CAN,YO-03-016,51.66207049,-116.6954876
glac,CAN,YO-03-017,51.44910887,-116.3682235
glac,CAN,YO-03-018,51.44991026,-116.3684283
glac,CAN,YO-04-012,51.29054529,-116.3924299
glac,CAN,YO-04-013,51.29022775,-116.3918892
glac,CAN,YO-04-014,51.28994566,-116.3912475
glac,CAN,YO-04-015,51.13597379,-116.4537631
glac,CAN,YO-04-016,51.13686779,-116.4545673
glac,CAN,YO-04-026,51.53236501,-116.5290461
glac,CAN,YO-04-027,51.53133031,-116.5266492
glac,CAN,WL-03-016,49.03427554,-113.8504767
glac,CAN,WL-03-017,49.0353068,-113.8538883
